Date,Value,ChangePercentMonth,ChangePercentYear
1954-07,0.10454913630995073,,
1954-08,0.10454913630995073,0.0,
1954-09,0.10419231331913179,-0.003413,
1954-10,0.10383549032831285,-0.003425,
1954-11,0.10419231331913179,0.003436,
1954-12,0.1034786673374939,-0.006849,
1955-01,0.10419231331913179,0.006897,
1955-02,0.10454913630995073,0.003425,
1955-03,0.10419231331913179,-0.003413,
1955-04,0.10454913630995073,0.003425,
1955-05,0.10383549032831285,-0.006826,
1955-06,0.10454913630995073,0.006873,
1955-07,0.10454913630995073,0.0,0.0
1955-08,0.10490595930076967,0.003413,0.003413
1955-09,0.10561960528240757,0.006803,0.013699
1955-10,0.10561960528240757,0.0,0.017182
1955-11,0.10526278229158863,-0.003378,0.010274
1955-12,0.10526278229158863,0.0,0.017241
1956-01,0.10597642827322651,0.00678,0.017123
1956-02,0.10633325126404546,0.003367,0.017065
1956-03,0.10669007425486439,0.003356,0.023973
1956-04,0.1074037202365023,0.006689,0.027304
1956-05,0.10811736621814018,0.006645,0.041237
1956-06,0.10811736621814018,0.0,0.03413
1956-07,0.10776054322732123,-0.0033,0.030717
1956-08,0.10847418920895911,0.006623,0.034014
1956-09,0.10918783519059702,0.006579,0.033784
1956-10,0.10918783519059702,0.0,0.033784
1956-11,0.10954465818141595,0.003268,0.040678
1956-12,0.1099014811722349,0.003257,0.044068
1957-01,0.11061512715387278,0.006494,0.043771
1957-02,0.11061512715387278,0.0,0.040268
1957-03,0.11061512715387278,0.0,0.036789
1957-04,0.11097195014469173,0.003226,0.033223
1957-05,0.11061512715387278,-0.003215,0.023102
1957-06,0.11097195014469173,0.003226,0.026403
1957-07,0.11168559612632963,0.006431,0.036424
1957-08,0.11204241911714856,0.003195,0.032895
1957-09,0.11168559612632963,-0.003185,0.022876
1957-10,0.11132877313551068,-0.003195,0.019608
1957-11,0.11168559612632963,0.003205,0.019544
1957-12,0.11204241911714856,0.003195,0.019481
1958-01,0.1123992421079675,0.003185,0.016129
1958-02,0.1123992421079675,0.0,0.016129
1958-03,0.1131128880896054,0.006349,0.022581
1958-04,0.11275606509878645,-0.003155,0.016077
1958-05,0.1131128880896054,0.003165,0.022581
1958-06,0.11275606509878645,-0.003155,0.016077
1958-07,0.11275606509878645,0.0,0.009585
1958-08,0.11275606509878645,0.0,0.006369
1958-09,0.11275606509878645,0.0,0.009585
1958-10,0.1123992421079675,-0.003165,0.009615
1958-11,0.11275606509878645,0.003175,0.009585
1958-12,0.11275606509878645,0.0,0.006369
1959-01,0.1131128880896054,0.003165,0.006349
1959-02,0.1131128880896054,0.0,0.006349
1959-03,0.1131128880896054,0.0,0.0
1959-04,0.11346971108042435,0.003155,0.006329
1959-05,0.11346971108042435,0.0,0.003155
1959-06,0.1131128880896054,-0.003145,0.003165
1959-07,0.1131128880896054,0.0,0.003165
1959-08,0.11275606509878645,-0.003155,0.0
1959-09,0.1131128880896054,0.003165,0.003165
1959-10,0.11275606509878645,-0.003155,0.003175
1959-11,0.1123992421079675,-0.003165,-0.003165
1959-12,0.1123992421079675,0.0,-0.003165
1960-01,0.11275606509878645,0.003175,-0.003155
1960-02,0.11275606509878645,0.0,-0.003155
1960-03,0.11346971108042435,0.006329,0.003155
1960-04,0.11346971108042435,0.0,0.0
1960-05,0.1131128880896054,-0.003145,-0.003145
1960-06,0.1131128880896054,0.0,0.0
1960-07,0.1131128880896054,0.0,0.0
1960-08,0.11275606509878645,-0.003155,0.0
1960-09,0.11275606509878645,0.0,-0.003155
1960-10,0.1131128880896054,0.003165,0.003165
1960-11,0.1131128880896054,0.0,0.006349
1960-12,0.1131128880896054,0.0,0.006349
1961-01,0.11346971108042435,0.003155,0.006329
1961-02,0.11346971108042435,0.0,0.006329
1961-03,0.11346971108042435,0.0,0.0
1961-04,0.11275606509878645,-0.006289,-0.006289
1961-05,0.1123992421079675,-0.003165,-0.006309
1961-06,0.11168559612632963,-0.006349,-0.012618
1961-07,0.1123992421079675,0.00639,-0.006309
1961-08,0.1123992421079675,0.0,-0.003165
1961-09,0.1123992421079675,0.0,-0.003165
1961-10,0.1123992421079675,0.0,-0.006309
1961-11,0.1123992421079675,0.0,-0.006309
1961-12,0.11275606509878645,0.003175,-0.003155
1962-01,0.1131128880896054,0.003165,-0.003145
1962-02,0.1131128880896054,0.0,-0.003145
1962-03,0.1131128880896054,0.0,-0.003145
1962-04,0.11275606509878645,-0.003155,0.0
1962-05,0.1123992421079675,-0.003165,0.0
1962-06,0.1123992421079675,0.0,0.00639
1962-07,0.11275606509878645,0.003175,0.003175
1962-08,0.11275606509878645,0.0,0.003175
1962-09,0.11382653407124328,0.009494,0.012698
1962-10,0.1131128880896054,-0.00627,0.006349
1962-11,0.1131128880896054,0.0,0.006349
1962-12,0.11275606509878645,-0.003155,0.0
1963-01,0.11275606509878645,0.0,-0.003155
1963-02,0.1123992421079675,-0.003165,-0.006309
1963-03,0.1123992421079675,0.0,-0.006309
1963-04,0.11204241911714856,-0.003175,-0.006329
1963-05,0.1123992421079675,0.003185,0.0
1963-06,0.11275606509878645,0.003175,0.003175
1963-07,0.1131128880896054,0.003165,0.003165
1963-08,0.11275606509878645,-0.003155,0.0
1963-09,0.11275606509878645,0.0,-0.009404
1963-10,0.11275606509878645,0.0,-0.003155
1963-11,0.1131128880896054,0.003165,0.0
1963-12,0.11275606509878645,-0.003155,0.0
1964-01,0.11346971108042435,0.006329,0.006329
1964-02,0.11275606509878645,-0.006289,0.003175
1964-03,0.11275606509878645,0.0,0.003175
1964-04,0.11275606509878645,0.0,0.006369
1964-05,0.1123992421079675,-0.003165,0.0
1964-06,0.1123992421079675,0.0,-0.003165
1964-07,0.11275606509878645,0.003175,-0.003155
1964-08,0.11275606509878645,0.0,0.0
1964-09,0.1131128880896054,0.003165,0.003165
1964-10,0.1131128880896054,0.0,0.003165
1964-11,0.1131128880896054,0.0,0.0
1964-12,0.1131128880896054,0.0,0.003165
1965-01,0.11346971108042435,0.003155,0.0
1965-02,0.11382653407124328,0.003145,0.009494
1965-03,0.11382653407124328,0.0,0.009494
1965-04,0.11418335706206223,0.003135,0.012658
1965-05,0.11454018005288118,0.003125,0.019048
1965-06,0.115610649025338,0.009346,0.028571
1965-07,0.115610649025338,0.0,0.025316
1965-08,0.115610649025338,0.0,0.025316
1965-09,0.115610649025338,0.0,0.022082
1965-10,0.11596747201615695,0.003086,0.025237
1965-11,0.1163242950069759,0.003077,0.028391
1965-12,0.11703794098861378,0.006135,0.0347
1966-01,0.11739476397943273,0.003049,0.034591
1966-02,0.11846523295188957,0.009119,0.040752
1966-03,0.11846523295188957,0.0,0.040752
1966-04,0.11846523295188957,0.0,0.0375
1966-05,0.11846523295188957,0.0,0.034268
1966-06,0.1188220559427085,0.003012,0.027778
1966-07,0.1195357019243464,0.006006,0.033951
1966-08,0.11989252491516535,0.002985,0.037037
1966-09,0.11989252491516535,0.0,0.037037
1966-10,0.11917887893352745,-0.005952,0.027692
1966-11,0.1188220559427085,-0.002994,0.021472
1966-12,0.1188220559427085,0.0,0.015244
1967-01,0.11917887893352745,0.003003,0.015198
1967-02,0.11917887893352745,0.0,0.006024
1967-03,0.1188220559427085,-0.002994,0.003012
1967-04,0.11810840996107062,-0.006006,-0.003012
1967-05,0.1188220559427085,0.006042,0.003012
1967-06,0.1195357019243464,0.006006,0.006006
1967-07,0.1195357019243464,0.0,0.0
1967-08,0.11917887893352745,-0.002985,-0.005952
1967-09,0.11917887893352745,0.0,-0.005952
1967-10,0.11917887893352745,0.0,0.0
1967-11,0.11917887893352745,0.0,0.003003
1967-12,0.1202493479059843,0.008982,0.012012
1968-01,0.12060617089680323,0.002967,0.011976
1968-02,0.12131981687844112,0.005917,0.017964
1968-03,0.12167663986926007,0.002941,0.024024
1968-04,0.12167663986926007,0.0,0.030211
1968-05,0.12203346286007902,0.002933,0.027027
1968-06,0.12203346286007902,0.0,0.020896
1968-07,0.12239028585089795,0.002924,0.023881
1968-08,0.12203346286007902,-0.002915,0.023952
1968-09,0.1227471088417169,0.005848,0.02994
1968-10,0.1227471088417169,0.0,0.02994
1968-11,0.12310393183253585,0.002907,0.032934
1968-12,0.12346075482335479,0.002899,0.026706
1969-01,0.12417440080499267,0.00578,0.029586
1969-02,0.12488804678663057,0.005747,0.029412
1969-03,0.12560169276826846,0.005714,0.032258
1969-04,0.1259585157590874,0.002841,0.035191
1969-05,0.1266721617407253,0.005666,0.038012
1969-06,0.1273858077223632,0.005634,0.04386
1969-07,0.12774263071318212,0.002801,0.043732
1969-08,0.1273858077223632,-0.002793,0.04386
1969-09,0.12774263071318212,0.002801,0.040698
1969-10,0.12809945370400105,0.002793,0.043605
1969-11,0.12881309968563895,0.005571,0.046377
1969-12,0.12952674566727684,0.00554,0.049133
1970-01,0.13024039164891474,0.00551,0.048851
1970-02,0.13095403763055263,0.005479,0.048571
1970-03,0.13095403763055263,0.0,0.042614
1970-04,0.13131086062137157,0.002725,0.042493
1970-05,0.13131086062137157,0.0,0.03662
1970-06,0.1316676836121905,0.002717,0.033613
1970-07,0.1323813295938284,0.00542,0.036313
1970-08,0.1316676836121905,-0.005391,0.033613
1970-09,0.1323813295938284,0.00542,0.036313
1970-10,0.1323813295938284,0.0,0.033426
1970-11,0.1323813295938284,0.0,0.027701
1970-12,0.1323813295938284,0.0,0.022039
1971-01,0.1330949755754663,0.005391,0.021918
1971-02,0.13452226753874208,0.010724,0.027248
1971-03,0.134879090529561,0.002653,0.029973
1971-04,0.13523591352037995,0.002646,0.029891
1971-05,0.13594955950201784,0.005277,0.035326
1971-06,0.1363063824928368,0.002625,0.03523
1971-07,0.13666320548365574,0.002618,0.032345
1971-08,0.13737685146529363,0.005222,0.04336
1971-09,0.13666320548365574,-0.005195,0.032345
1971-10,0.13666320548365574,0.0,0.032345
1971-11,0.13666320548365574,0.0,0.032345
1971-12,0.13773367445611256,0.007833,0.040431
1972-01,0.13844732043775046,0.005181,0.040214
1972-02,0.13987461240102625,0.010309,0.039788
1972-03,0.13987461240102625,0.0,0.037037
1972-04,0.14023143539184518,0.002551,0.036939
1972-05,0.14094508137348308,0.005089,0.036745
1972-06,0.14165872735512097,0.005063,0.039267
1972-07,0.1427291963275778,0.007557,0.044386
1972-08,0.14308601931839673,0.0025,0.041558
1972-09,0.1434428423092157,0.002494,0.049608
1972-10,0.14308601931839673,-0.002488,0.046997
1972-11,0.1437996653000346,0.004988,0.052219
1972-12,0.14665424922658618,0.019851,0.064767
1973-01,0.1484383641806809,0.012165,0.072165
1973-02,0.15129294810723246,0.019231,0.081633
1973-03,0.1548611780154219,0.023585,0.107143
1973-04,0.1555748239970598,0.004608,0.109415
1973-05,0.15878623091443028,0.020642,0.126582
1973-06,0.16235446082261973,0.022472,0.146096
1973-07,0.16021352287770607,-0.013187,0.1225
1973-08,0.16949092063899862,0.057906,0.184539
1973-09,0.16663633671244707,-0.016842,0.161692
1973-10,0.16520904474917128,-0.008565,0.154613
1973-11,0.16592269073080917,0.00432,0.153846
1973-12,0.1691340976481797,0.019355,0.153285
1974-01,0.1748432655012828,0.033755,0.177885
1974-02,0.17841149540947224,0.020408,0.179245
1974-03,0.18055243335438592,0.012,0.165899
1974-04,0.18197972531766168,0.007905,0.169725
1974-05,0.18483430924421324,0.015686,0.164045
1974-06,0.18554795522585113,0.003861,0.142857
1974-07,0.19268441504223002,0.038462,0.202673
1974-08,0.19946405186778995,0.035185,0.176842
1974-09,0.19946405186778995,0.0,0.197002
1974-10,0.2030322817759794,0.017889,0.228942
1974-11,0.20481639673007412,0.008787,0.234409
1974-12,0.20445957373925516,-0.001742,0.208861
1975-01,0.20481639673007412,0.001745,0.171429
1975-02,0.20410275074843626,-0.003484,0.144
1975-03,0.2030322817759794,-0.005245,0.124506
1975-04,0.20517321972089309,0.010545,0.127451
1975-05,0.20660051168416885,0.006957,0.117761
1975-06,0.2069573346749878,0.001727,0.115385
1975-07,0.20945509561072043,0.012069,0.087037
1975-08,0.21052556458317725,0.005111,0.055456
1975-09,0.21195285654645302,0.00678,0.062612
1975-10,0.21338014850972878,0.006734,0.050967
1975-11,0.21230967953727195,-0.005017,0.036585
1975-12,0.21302332551890987,0.003361,0.041885
1976-01,0.21373697150054774,0.00335,0.043554
1976-02,0.21373697150054774,0.0,0.047203
1976-03,0.21409379449136667,0.001669,0.054482
1976-04,0.21623473243628036,0.01,0.053913
1976-05,0.21694837841791823,0.0033,0.050086
1976-06,0.21837567038119404,0.006579,0.055172
1976-07,0.2198029623444698,0.006536,0.049404
1976-08,0.2190893163628319,-0.003247,0.040678
1976-09,0.22051660832610767,0.006515,0.040404
1976-10,0.22087343131692663,0.001618,0.035117
1976-11,0.22123025430774557,0.001616,0.042017
1976-12,0.2230143692618403,0.008065,0.046901
1977-01,0.22408483823429712,0.0048,0.048414
1977-02,0.22658259917002974,0.011146,0.0601
1977-03,0.2287235371149434,0.009449,0.068333
1977-04,0.23157812104149497,0.01248,0.070957
1977-05,0.2326485900139518,0.004622,0.072368
1977-06,0.2319349440323139,-0.003067,0.062092
1977-07,0.23229176702313284,0.001538,0.056818
1977-08,0.2319349440323139,-0.001536,0.058632
1977-09,0.23300541300477073,0.004615,0.056634
1977-10,0.23407588197722756,0.004594,0.059774
1977-11,0.23478952795886546,0.003049,0.06129
1977-12,0.23621681992214125,0.006079,0.0592
1978-01,0.2383577578670549,0.009063,0.063694
1978-02,0.24085551880278752,0.010479,0.062992
1978-03,0.24299645674770118,0.008889,0.062402
1978-04,0.2462078636650717,0.013216,0.063174
1978-05,0.24799197861916641,0.007246,0.065951
1978-06,0.24977609357326114,0.007194,0.076923
1978-07,0.2512033855365369,0.005714,0.081413
1978-08,0.2512033855365369,0.0,0.083077
1978-09,0.2533443234814506,0.008523,0.087289
1978-10,0.2561989074080021,0.011268,0.094512
1978-11,0.25726937638045894,0.004178,0.095745
1978-12,0.25941031432537265,0.008322,0.098187
1979-01,0.263335367224381,0.015131,0.10479
1979-02,0.2672604201233894,0.014905,0.10963
1979-03,0.2704718270407599,0.012016,0.113069
1979-04,0.2743968799397683,0.014512,0.114493
1979-05,0.27653781788468196,0.007802,0.115108
1979-06,0.2783219328387767,0.006452,0.114286
1979-07,0.282603808728604,0.015385,0.125
1979-08,0.28403110069187976,0.005051,0.130682
1979-09,0.2886697995725261,0.016332,0.139437
1979-10,0.2929516754623534,0.014833,0.143454
1979-11,0.2947357904164481,0.00609,0.145631
1979-12,0.29759037434299973,0.009685,0.14718
1980-01,0.3040131881777407,0.021583,0.154472
1980-02,0.31007917902166277,0.019953,0.160214
1980-03,0.3122201169665764,0.006904,0.154354
1980-04,0.31329058593903325,0.003429,0.141743
1980-05,0.31507470089312795,0.005695,0.139355
1980-06,0.31650199285640374,0.00453,0.137179
1980-07,0.32221116070950684,0.018038,0.140152
1980-08,0.3264930365993342,0.013289,0.149497
1980-09,0.3272066825809721,0.002186,0.133498
1980-10,0.3311317354799805,0.011996,0.130329
1980-11,0.33255902744325627,0.00431,0.128329
1980-12,0.33469996538816993,0.006438,0.1247
1981-01,0.33969548725963516,0.014925,0.117371
1981-02,0.3429068941770056,0.009454,0.105869
1981-03,0.34611830109437614,0.009365,0.108571
1981-04,0.3496865310025656,0.010309,0.116173
1981-05,0.3507569999750224,0.003061,0.11325
1981-06,0.35147064595666033,0.002035,0.110485
1981-07,0.35325476091075503,0.005076,0.096346
1981-08,0.35325476091075503,0.0,0.081967
1981-09,0.3525411149291171,-0.00202,0.077426
1981-10,0.3528979379199361,0.001012,0.065733
1981-11,0.3525411149291171,-0.001011,0.060086
1981-12,0.3525411149291171,0.0,0.053305
1982-01,0.35575252184648765,0.009109,0.047269
1982-02,0.35610934483730655,0.001003,0.038502
1982-03,0.3553956988556687,-0.002004,0.026804
1982-04,0.3553956988556687,0.0,0.016327
1982-05,0.35610934483730655,0.002008,0.015259
1982-06,0.3568229908189445,0.002004,0.015228
1982-07,0.35825028278222026,0.004,0.014141
1982-08,0.3578934597914013,-0.000996,0.013131
1982-09,0.3568229908189445,-0.002991,0.012146
1982-10,0.3575366368005824,0.002,0.013145
1982-11,0.3578934597914013,0.000998,0.015182
1982-12,0.3586071057730392,0.001994,0.017206
1983-01,0.3575366368005824,-0.002985,0.005015
1983-02,0.3586071057730392,0.002994,0.007014
1983-03,0.35825028278222026,-0.000995,0.008032
1983-04,0.35825028278222026,0.0,0.008032
1983-05,0.359677574745496,0.003984,0.01002
1983-06,0.3603912207271339,0.001984,0.01
1983-07,0.36146168969959075,0.00297,0.008964
1983-08,0.36324580465368544,0.004936,0.014955
1983-09,0.36395945063532337,0.001965,0.02
1983-10,0.3646730966169613,0.001961,0.01996
1983-11,0.3643162736261423,-0.000978,0.017946
1983-12,0.3650299196077802,0.001959,0.01791
1984-01,0.3671708575526939,0.005865,0.026946
1984-02,0.36824132652515074,0.002915,0.026866
1984-03,0.37073908746088335,0.006783,0.034861
1984-04,0.37109591045170226,0.000962,0.035857
1984-05,0.37145273344252117,0.000962,0.032738
1984-06,0.37109591045170226,-0.000961,0.029703
1984-07,0.3718095564333401,0.001923,0.028628
1984-08,0.37038226447006434,-0.003839,0.019646
1984-09,0.3689549725067886,-0.003854,0.013725
1984-10,0.3689549725067886,0.0,0.011742
1984-11,0.37002544147924543,0.002901,0.015671
1984-12,0.3693117954976075,-0.001929,0.01173
1985-01,0.3689549725067886,-0.000966,0.004859
1985-02,0.36859814951596964,-0.000967,0.000969
1985-03,0.3678845035343317,-0.001936,-0.0077
1985-04,0.36859814951596964,0.00194,-0.006731
1985-05,0.3693117954976075,0.001936,-0.005764
1985-06,0.36859814951596964,-0.001932,-0.006731
1985-07,0.36824132652515074,-0.000968,-0.009597
1985-08,0.366457211571056,-0.004845,-0.010597
1985-09,0.3643162736261423,-0.005842,-0.012573
1985-10,0.3671708575526939,0.007835,-0.004836
1985-11,0.3689549725067886,0.004859,-0.002893
1985-12,0.36966861848842647,0.001934,0.000966
1986-01,0.36824132652515074,-0.003861,-0.001934
1986-02,0.36288898166286654,-0.014535,-0.015489
1986-03,0.3578934597914013,-0.013766,-0.027158
1986-04,0.3553956988556687,-0.006979,-0.035818
1986-05,0.3568229908189445,0.004016,-0.033816
1986-06,0.35646616782812557,-0.001,-0.032914
1986-07,0.3546820528740308,-0.005005,-0.036822
1986-08,0.35432522988321186,-0.001006,-0.033106
1986-09,0.3546820528740308,0.001007,-0.026445
1986-10,0.35575252184648765,0.003018,-0.031098
1986-11,0.35610934483730655,0.001003,-0.034816
1986-12,0.35575252184648765,-0.001002,-0.037645
1987-01,0.3586071057730392,0.008024,-0.026163
1987-02,0.3603912207271339,0.004975,-0.006883
1987-03,0.36110486670877184,0.00198,0.008973
1987-04,0.36360262764450446,0.006917,0.023092
1987-05,0.366100388580237,0.006869,0.026
1987-06,0.3675276805435128,0.003899,0.031031
1987-07,0.3693117954976075,0.004854,0.041247
1987-08,0.37038226447006434,0.002899,0.045317
1987-09,0.37002544147924543,-0.000963,0.04326
1987-10,0.37145273344252117,0.003857,0.044132
1987-11,0.3718095564333401,0.000961,0.044088
1987-12,0.3718095564333401,0.0,0.045135
1988-01,0.3732368483966159,0.003839,0.040796
1988-02,0.3739504943782538,0.001912,0.037624
1988-03,0.3743073173690728,0.000954,0.036561
1988-04,0.37751872428644323,0.00858,0.038273
1988-05,0.38001648522217585,0.006616,0.038012
1988-06,0.38251424615790847,0.006573,0.040777
1988-07,0.3850120070936411,0.00653,0.042512
1988-08,0.38536883008446005,0.000927,0.040462
1988-09,0.38572565307527895,0.000926,0.04243
1988-10,0.3860824760660979,0.000925,0.039385
1988-11,0.3864392990569169,0.000924,0.039347
1988-12,0.3889370599926495,0.006464,0.046065
1989-01,0.39428940485493363,0.013761,0.056405
1989-02,0.39535987382739046,0.002715,0.057252
1989-03,0.3978576347631231,0.006318,0.062917
1989-04,0.40071221868967466,0.007175,0.061437
1989-05,0.40392362560704514,0.008014,0.062911
1989-06,0.4028531566345883,-0.00265,0.053172
1989-07,0.40249633364376936,-0.000886,0.045412
1989-08,0.39964174971721783,-0.007092,0.037037
1989-09,0.4010690416804936,0.003571,0.039778
1989-10,0.40249633364376936,0.003559,0.042514
1989-11,0.40213951065295045,-0.000887,0.040628
1989-12,0.4032099796254073,0.002662,0.036697
1990-01,0.4099896164509672,0.016814,0.039819
1990-02,0.4082055014968725,-0.004352,0.032491
1990-03,0.4074918555152346,-0.001748,0.024215
1990-04,0.40713503252441563,-0.000876,0.016028
1990-05,0.4089191474785103,0.004382,0.012367
1990-06,0.40784867850605355,-0.002618,0.0124
1990-07,0.4085623244876914,0.00175,0.015071
1990-08,0.4156987843040703,0.017467,0.040179
1990-09,0.4224784211296303,0.016309,0.053381
1990-10,0.4310421729092849,0.02027,0.070922
1990-11,0.4285444119735523,-0.005795,0.065661
1990-12,0.4235488901020871,-0.011657,0.050442
1991-01,0.4246193590745439,0.002527,0.035683
1991-02,0.41819654523980293,-0.015126,0.024476
1991-03,0.4146283153316135,-0.008532,0.017513
1991-04,0.4139146693499756,-0.001721,0.016652
1991-05,0.4156987843040703,0.00431,0.016579
1991-06,0.4153419613132514,-0.000858,0.018373
1991-07,0.4142714923407945,-0.002577,0.013974
1991-08,0.4146283153316135,0.000861,-0.002575
1991-09,0.4142714923407945,-0.000861,-0.019426
1991-10,0.4153419613132514,0.002584,-0.036424
1991-11,0.4153419613132514,0.0,-0.030808
1991-12,0.41355784635915666,-0.004296,-0.023589
1992-01,0.41248737738669977,-0.002588,-0.028571
1992-02,0.4139146693499756,0.00346,-0.010239
1992-03,0.4142714923407945,0.000862,-0.000861
1992-04,0.4149851383224324,0.001723,0.002586
1992-05,0.41819654523980293,0.007739,0.006009
1992-06,0.4210511291663545,0.006826,0.013746
1992-07,0.42069430617553555,-0.000847,0.015504
1992-08,0.4199806601938977,-0.001696,0.012909
1992-09,0.4210511291663545,0.002549,0.016365
1992-10,0.4214079521571734,0.000847,0.014605
1992-11,0.4203374831847166,-0.00254,0.012027
1992-12,0.41962383720307866,-0.001698,0.014668
1993-01,0.4210511291663545,0.003401,0.020761
1993-02,0.4224784211296303,0.00339,0.02069
1993-03,0.4235488901020871,0.002534,0.022394
1993-04,0.42568982804700073,0.005055,0.025795
1993-05,0.4271171200102766,0.003353,0.021331
1993-06,0.42640347402863865,-0.001671,0.012712
1993-07,0.4253330050561818,-0.00251,0.011026
1993-08,0.4235488901020871,-0.004195,0.008496
1993-09,0.4235488901020871,0.0,0.005932
1993-10,0.42497618206536286,0.00337,0.008467
1993-11,0.4246193590745439,-0.00084,0.010187
1993-12,0.4231920671112681,-0.003361,0.008503
1994-01,0.42497618206536286,0.004216,0.009322
1994-02,0.42568982804700073,0.001679,0.007601
1994-03,0.4271171200102766,0.003353,0.008425
1994-04,0.4271171200102766,0.0,0.003353
1994-05,0.42783076599191444,0.001671,0.001671
1994-06,0.4299717039368281,0.005004,0.008368
1994-07,0.430685349918466,0.00166,0.012584
1994-08,0.4324694648725607,0.004143,0.021061
1994-09,0.4317558188909228,-0.00165,0.019377
1994-10,0.4313989959001039,-0.000826,0.015113
1994-11,0.43353993384501754,0.004963,0.021008
1994-12,0.43496722580829333,0.003292,0.027825
1995-01,0.4385354557164828,0.008203,0.031906
1995-02,0.44067639366139644,0.004882,0.035205
1995-03,0.4421036856246722,0.003239,0.035088
1995-04,0.4446014465604048,0.00565,0.040936
1995-05,0.4456719155328617,0.002408,0.041701
1995-06,0.4470992074961374,0.003203,0.039834
1995-07,0.4470992074961374,0.0,0.038111
1995-08,0.44638556151449954,-0.001596,0.032178
1995-09,0.4467423845053185,0.000799,0.034711
1995-10,0.4470992074961374,0.000799,0.036394
1995-11,0.44745603048695637,0.000798,0.032099
1995-12,0.4485264994594132,0.002392,0.031173
1996-01,0.45066743740432685,0.004773,0.027665
1996-02,0.45031061441350795,-0.000792,0.021862
1996-03,0.4510242603951458,0.001585,0.020178
1996-04,0.45459249030333526,0.007911,0.022472
1996-05,0.4570902512390679,0.005495,0.02562
1996-06,0.4567334282482489,-0.000781,0.021548
1996-07,0.4567334282482489,0.0,0.021548
1996-08,0.4578038972207058,0.002344,0.02558
1996-09,0.4574470742298868,-0.000779,0.023962
1996-10,0.4567334282482489,-0.00156,0.021548
1996-11,0.4574470742298868,0.001562,0.022329
1996-12,0.4606584811472573,0.00702,0.027049
1997-01,0.4627994190921709,0.004648,0.02692
1997-02,0.45851754320234367,-0.009252,0.018225
1997-03,0.4542356673125163,-0.009339,0.00712
1997-04,0.45316519834005947,-0.002357,-0.00314
1997-05,0.45459249030333526,0.00315,-0.005464
1997-06,0.4538788443216974,-0.00157,-0.00625
1997-07,0.45280837534924057,-0.002358,-0.008594
1997-08,0.4538788443216974,0.002364,-0.008574
1997-09,0.4549493132941542,0.002358,-0.00546
1997-10,0.45601978226661105,0.002353,-0.001562
1997-11,0.45637660525743,0.000782,-0.00234
1997-12,0.4524515523584216,-0.0086,-0.017816
1998-01,0.44745603048695637,-0.011041,-0.033153
1998-02,0.4460287385236806,-0.00319,-0.027237
1998-03,0.44495826955122375,-0.0024,-0.020424
1998-04,0.4456719155328617,0.001604,-0.016535
1998-05,0.44638556151449954,0.001601,-0.018053
1998-06,0.4453150925420427,-0.002398,-0.018868
1998-07,0.4456719155328617,0.000801,-0.01576
1998-08,0.44317415459712906,-0.005604,-0.023585
1998-09,0.44174686263385327,-0.003221,-0.02902
1998-10,0.44246050861549113,0.001616,-0.029734
1998-11,0.44103321665221534,-0.003226,-0.03362
1998-12,0.4381786327256638,-0.006472,-0.031546
1999-01,0.4385354557164828,0.000814,-0.019936
1999-02,0.43639451777156907,-0.004882,-0.0216
1999-03,0.4374649867440259,0.002453,-0.01684
1999-04,0.44103321665221534,0.008157,-0.010408
1999-05,0.44495826955122375,0.0089,-0.003197
1999-06,0.4467423845053185,0.00401,0.003205
1999-07,0.4485264994594132,0.003994,0.006405
1999-08,0.45280837534924057,0.009547,0.021739
1999-09,0.4567334282482489,0.008668,0.033926
1999-10,0.4556629592757921,-0.002344,0.029839
1999-11,0.4578038972207058,0.004699,0.038026
1999-12,0.45601978226661105,-0.003897,0.040717
2000-01,0.4578038972207058,0.003912,0.043938
2000-02,0.46315624208298994,0.011691,0.061325
2000-03,0.4667244719911794,0.007704,0.066884
2000-04,0.4663676490003604,-0.000765,0.057443
2000-05,0.4695790559177309,0.006886,0.055333
2000-06,0.47742916171574773,0.016717,0.06869
2000-07,0.4770723387249287,-0.000747,0.063644
2000-08,0.47421775479837724,-0.005984,0.047281
2000-09,0.48064056863311816,0.013544,0.052344
2000-10,0.48313832956885083,0.005197,0.060298
2000-11,0.48171103760557504,-0.002954,0.052221
2000-12,0.48599291349540236,0.008889,0.065728
2001-01,0.4995521871465223,0.0279,0.091193
2001-02,0.4902747893852297,-0.018571,0.058552
2001-03,0.4849224445229456,-0.010917,0.038991
2001-04,0.4867065594770403,0.003679,0.043611
2001-05,0.48813385144031607,0.002933,0.039514
2001-06,0.48349515255966974,-0.009503,0.012706
2001-07,0.47600186975247194,-0.015498,-0.002244
2001-08,0.47600186975247194,0.0,0.003762
2001-09,0.47564504676165303,-0.00075,-0.010393
2001-10,0.4649403570370847,-0.022506,-0.037666
2001-11,0.46315624208298994,-0.003837,-0.038519
2001-12,0.4570902512390679,-0.013097,-0.059471
2002-01,0.45851754320234367,0.003123,-0.082143
2002-02,0.4581607202115247,-0.000778,-0.065502
2002-03,0.46315624208298994,0.010903,-0.044886
2002-04,0.4667244719911794,0.007704,-0.041056
2002-05,0.4667244719911794,0.0,-0.04386
2002-06,0.46708129498199835,0.000765,-0.033948
2002-07,0.4681517639544551,0.002292,-0.016492
2002-08,0.469222232926912,0.002287,-0.014243
2002-09,0.4720768168534636,0.006084,-0.007502
2002-10,0.475288223770834,0.006803,0.022256
2002-11,0.47493140078001506,-0.000751,0.025424
2002-12,0.47421775479837724,-0.001503,0.037471
2003-01,0.4827815065780319,0.018059,0.052918
2003-02,0.4909884353668676,0.016999,0.071651
2003-03,0.5038340630363496,0.026163,0.087827
2003-04,0.48813385144031607,-0.031161,0.045872
2003-05,0.48777702844949705,-0.000731,0.045107
2003-06,0.4924157273301434,0.00951,0.05424
2003-07,0.4913452583576865,-0.002174,0.049543
2003-08,0.4924157273301434,0.002179,0.04943
2003-09,0.4941998422842381,0.003623,0.046863
2003-10,0.4970544262107897,0.005776,0.045796
2003-11,0.4956271342475139,-0.002872,0.043576
2003-12,0.4977680721924275,0.00432,0.049661
2004-01,0.5045477090179875,0.01362,0.045085
2004-02,0.5070454699537201,0.00495,0.032703
2004-03,0.5106136998619095,0.007037,0.013456
2004-04,0.5166796907058316,0.01188,0.05848
2004-05,0.5238161505222105,0.013812,0.073884
2004-06,0.5252434424854863,0.002725,0.066667
2004-07,0.5259570884671242,0.001359,0.070443
2004-08,0.5280980264120378,0.004071,0.072464
2004-09,0.527027557439581,-0.002027,0.066426
2004-10,0.5352344862284167,0.015572,0.076813
2004-11,0.540230008099882,0.009333,0.089993
2004-12,0.5359481322100546,-0.007926,0.076703
2005-01,0.5384458931457873,0.00466,0.067185
2005-02,0.5409436540815198,0.004639,0.066854
2005-03,0.5484369368887176,0.013852,0.074074
2005-04,0.5530756357693639,0.008458,0.070442
2005-05,0.5505778748336314,-0.004516,0.05109
2005-06,0.5505778748336314,0.0,0.048234
2005-07,0.5577143346500103,0.012962,0.06038
2005-08,0.5623530335306565,0.008317,0.064865
2005-09,0.5787668911083279,0.029188,0.098172
2005-10,0.5930398107410857,0.024661,0.108
2005-11,0.5841192359706121,-0.015042,0.081242
2005-12,0.5816214750348795,-0.004276,0.08522
2006-01,0.5862601739155258,0.007975,0.088801
2006-02,0.5773395991450522,-0.015216,0.067282
2006-03,0.5787668911083279,0.002472,0.055303
2006-04,0.5862601739155258,0.012947,0.06
2006-05,0.59161251877781,0.00913,0.07453
2006-06,0.5926829877502667,0.001809,0.076474
2006-07,0.5951807486859995,0.004214,0.067179
2006-08,0.5991058015850078,0.006595,0.065355
2006-09,0.5901852268145342,-0.01489,0.019729
2006-10,0.5787668911083279,-0.019347,-0.024067
2006-11,0.5873306428879825,0.014797,0.005498
2006-12,0.590898872796172,0.006075,0.015951
2007-01,0.585189704943069,-0.009662,-0.001826
2007-02,0.5951807486859995,0.017073,0.030902
2007-03,0.604101323456473,0.014988,0.043773
2007-04,0.6115946062636709,0.012404,0.043214
2007-05,0.6183742430892308,0.011085,0.045235
2007-06,0.6201583580433255,0.002885,0.046358
2007-07,0.6247970569239718,0.00748,0.04976
2007-08,0.6151628361718603,-0.01542,0.026802
2007-09,0.6190878890708686,0.006381,0.048972
2007-10,0.623369764960696,0.006916,0.077065
2007-11,0.6387131535659106,0.024614,0.087485
2007-12,0.6372858616026348,-0.002235,0.078502
2008-01,0.6458496133822895,0.013438,0.103659
2008-02,0.6519156042262115,0.009392,0.095324
2008-03,0.6704703997487967,0.028462,0.109864
2008-04,0.681175089473365,0.015966,0.113769
2008-05,0.7015139999500448,0.029859,0.134449
2008-06,0.7154300965919836,0.019837,0.153625
2008-07,0.7332712461329309,0.024938,0.173615
2008-08,0.7100777517296996,-0.03163,0.154292
2008-09,0.7025844689225017,-0.010553,0.13487
2008-10,0.6651180548865125,-0.053327,0.066972
2008-11,0.6308630477678939,-0.051502,-0.012291
2008-12,0.6098104913095761,-0.033371,-0.043113
2009-01,0.6108809602820329,0.001755,-0.054144
2009-02,0.604101323456473,-0.011098,-0.073344
2009-03,0.5998194475666456,-0.007088,-0.105375
2009-04,0.6033876774748351,0.005949,-0.114196
2009-05,0.6094536683187572,0.010053,-0.131231
2009-06,0.6212288270157823,0.019321,-0.131671
2009-07,0.6155196591626793,-0.00919,-0.160584
2009-08,0.6244402339331528,0.014493,-0.120603
2009-09,0.6212288270157823,-0.005143,-0.115795
2009-10,0.6251538799147907,0.006318,-0.060086
2009-11,0.6330039857128075,0.012557,0.003394
2009-12,0.6355017466485401,0.003946,0.04213
2010-01,0.6490610202996601,0.021336,0.0625
2010-02,0.6458496133822895,-0.004948,0.069108
2010-03,0.6540565421711253,0.012707,0.090422
2010-04,0.6579815950701337,0.006001,0.090479
2010-05,0.6594088870334094,0.002169,0.081967
2010-06,0.6547701881527631,-0.007035,0.053992
2010-07,0.6569111260976768,0.00327,0.067246
2010-08,0.6597657100242283,0.004345,0.056571
2010-09,0.6597657100242283,0.0,0.062033
2010-10,0.6658317008681504,0.009194,0.065068
2010-11,0.6697567537671587,0.005895,0.058061
2010-12,0.6768932135835376,0.010655,0.065132
2011-01,0.687597903308106,0.015814,0.059373
2011-02,0.6986594160234934,0.016087,0.081768
2011-03,0.7107913977113374,0.017365,0.086743
2011-04,0.7247074943532762,0.019578,0.10141
2011-05,0.7282757242614657,0.004924,0.104437
2011-06,0.7275620782798278,-0.00098,0.111172
2011-07,0.7300598392155604,0.003433,0.111353
2011-08,0.7250643173440952,-0.006843,0.098972
2011-09,0.7268484322981899,0.002461,0.101677
2011-10,0.7175710345368973,-0.012764,0.077706
2011-11,0.7186415035093542,0.001492,0.072989
2011-12,0.7129323356562511,-0.007944,0.053242
2012-01,0.7161437425736216,0.004505,0.041515
2012-02,0.719355149490992,0.004484,0.029622
2012-03,0.7286325472522845,0.012897,0.0251
2012-04,0.7268484322981899,-0.002449,0.002954
2012-05,0.7204256184634489,-0.008837,-0.010779
2012-06,0.7129323356562511,-0.010401,-0.020108
2012-07,0.7140028046287079,0.001502,-0.021994
2012-08,0.7232802023900005,0.012994,-0.002461
2012-09,0.7293461932339226,0.008387,0.003436
2012-10,0.726134786316552,-0.004403,0.011934
2012-11,0.72006879547263,-0.008354,0.001986
2012-12,0.7189983265001731,-0.001487,0.008509
2013-01,0.7225665564083625,0.004963,0.008969
2013-02,0.7289893702431036,0.008889,0.013393
2013-03,0.7279189012706467,-0.001468,-0.000979
2013-04,0.726134786316552,-0.002451,-0.000982
2013-05,0.7282757242614657,0.002948,0.010896
2013-06,0.7289893702431036,0.00098,0.022523
2013-07,0.7293461932339226,0.000489,0.021489
2013-08,0.7286325472522845,-0.000978,0.0074
2013-09,0.7275620782798278,-0.001469,-0.002446
2013-10,0.7225665564083625,-0.006866,-0.004914
2013-11,0.7179278575277163,-0.00642,-0.002973
2013-12,0.7207824414542678,0.003976,0.002481
2014-01,0.7272052552890089,0.008911,0.00642
2014-02,0.7339848921145687,0.009323,0.006853
2014-03,0.738623590995215,0.00632,0.014706
2014-04,0.7432622898758614,0.00628,0.023587
2014-05,0.7421918209034045,-0.00144,0.019108
2014-06,0.7432622898758614,0.001442,0.019579
2014-07,0.7421918209034045,-0.00144,0.017613
2014-08,0.738623590995215,-0.004808,0.013712
2014-09,0.7364826530503015,-0.002899,0.012261
2014-10,0.7257779633257331,-0.014535,0.004444
2014-11,0.7168573885552595,-0.012291,-0.001491
2014-12,0.7029412919133207,-0.019413,-0.024752
2015-01,0.6851001423723734,-0.025381,-0.0579
2015-02,0.6818887354550028,-0.004688,-0.070977
2015-03,0.6833160274182787,0.002093,-0.074879
2015-04,0.681175089473365,-0.003133,-0.083533
2015-05,0.6900956642438386,0.013096,-0.070192
2015-06,0.6950911861153038,0.007239,-0.06481
2015-07,0.6918797791979333,-0.00462,-0.067788
2015-08,0.6847433193815544,-0.010315,-0.072947
2015-09,0.6747522756386239,-0.014591,-0.083818
2015-10,0.6690431077855209,-0.008461,-0.078171
2015-11,0.6626202939507798,-0.0096,-0.07566
2015-12,0.6547701881527631,-0.011847,-0.068528
2016-01,0.6515587812353926,-0.004905,-0.048958
2016-02,0.6469200823547464,-0.007119,-0.051282
2016-03,0.6497746662812979,0.004413,-0.049086
2016-04,0.6536997191803062,0.006041,-0.040335
2016-05,0.6611930019875042,0.011463,-0.041882
2016-06,0.6693999307763399,0.012412,-0.036961
2016-07,0.6697567537671587,0.000533,-0.031975
2016-08,0.6658317008681504,-0.00586,-0.027619
2016-09,0.6669021698406072,0.001608,-0.011634
2016-10,0.6661885238589693,-0.00107,-0.004267
2016-11,0.6647612318956936,-0.002142,0.003231
2016-12,0.6715408687212535,0.010199,0.025613
2017-01,0.6804614434917271,0.013284,0.044359
2017-02,0.6836728504090976,0.004719,0.056812
2017-03,0.6833160274182787,-0.000522,0.05162
2017-04,0.6886683722805629,0.007833,0.053493
2017-05,0.687954726298925,-0.001036,0.040475
2017-06,0.6908093102254765,0.004149,0.031983
2017-07,0.6904524872346576,-0.000517,0.0309
2017-08,0.6915229562071145,0.00155,0.038585
2017-09,0.6950911861153038,0.00516,0.042269
2017-10,0.6954480091061228,0.000513,0.043921
2017-11,0.6990162390143122,0.005131,0.05153
2017-12,0.700443530977588,0.002042,0.043039
2018-01,0.7061526988306911,0.008151,0.037756
2018-02,0.7111482207021563,0.007074,0.040188
2018-03,0.7111482207021563,0.0,0.040731
2018-04,0.7147164506103458,0.005018,0.037824
2018-05,0.7250643173440952,0.014478,0.053942
2018-06,0.7286325472522845,0.004921,0.054752
2018-07,0.7289893702431036,0.00049,0.055814
2018-08,0.7257779633257331,-0.004405,0.049536
2018-09,0.7264916093073709,0.000983,0.045175
2018-10,0.7300598392155604,0.004912,0.049769
2018-11,0.7218529104267247,-0.011241,0.03267
2018-12,0.7172142115460785,-0.006426,0.023943
2019-01,0.7104345747205184,-0.009453,0.006064
2019-02,0.7107913977113374,0.000502,-0.000502
2019-03,0.7165005655644405,0.008032,0.007526
2019-04,0.7211392644450868,0.006474,0.008987
2019-05,0.719711972481811,-0.001979,-0.007382
2019-06,0.7147164506103458,-0.006941,-0.019099
2019-07,0.7161437425736216,0.001997,-0.017621
2019-08,0.7107913977113374,-0.007474,-0.020649
2019-09,0.7079368137847859,-0.004016,-0.02554
2019-10,0.7086504597664237,0.001008,-0.029326
2019-11,0.7100777517296996,0.002014,-0.016312
2019-12,0.7100777517296996,0.0,-0.00995
2020-01,0.7111482207021563,0.001508,0.001005
2020-02,0.7018708229408638,-0.013046,-0.01255
2020-03,0.6890251952713817,-0.018302,-0.038347
2020-04,0.661906647969142,-0.039358,-0.082138
2020-05,0.6729681606845292,0.016712,-0.064948
2020-06,0.6822455584458218,0.013786,-0.045432
2020-07,0.6886683722805629,0.009414,-0.038366
2020-08,0.6933070711612092,0.006736,-0.024598
2020-09,0.6975889470510365,0.006176,-0.014617
2020-10,0.7011571769592259,0.005115,-0.010574
2020-11,0.7075799907939669,0.00916,-0.003518
2020-12,0.7154300965919836,0.011094,0.007538
2021-01,0.7307734851971983,0.021446,0.027597
2021-02,0.7514692186646971,0.02832,0.070666
2021-03,0.7671694302607306,0.020893,0.113413
2021-04,0.77751729699448,0.013488,0.174663
2021-05,0.8024949063518061,0.032125,0.192471
2021-06,0.8167678259845639,0.017786,0.197176
2021-07,0.8272941042137227,0.012888,0.201295
2021-08,0.8328783840200392,0.00675,0.201312
2021-09,0.840953288302272,0.009695,0.205514
2021-10,0.8580344048727748,0.020312,0.22374
2021-11,0.8681039496736854,0.011736,0.226863
2021-12,0.8611494695826242,-0.008011,0.203681
2022-01,0.8794009655630133,0.021194,0.203384
2022-02,0.9015489686031452,0.025185,0.199715
2022-03,0.9277897313479704,0.029106,0.209367
2022-04,0.9466870769417416,0.020368,0.217577
2022-05,0.9750223906426739,0.029931,0.214989
2022-06,1.0,0.025617,0.224338
2022-07,0.9715362300223729,-0.028464,0.174354
2022-08,0.9618020988328321,-0.010019,0.154793
2022-09,0.9559216559441359,-0.006114,0.136712
2022-10,0.9457985876946023,-0.01059,0.102285
2022-11,0.9390046779494097,-0.007183,0.081673
2022-12,0.9202357886323332,-0.019988,0.068613
2023-01,0.9285497643184145,0.009035,0.055889
2023-02,0.9229904621214554,-0.005987,0.023783
2023-03,0.9172563166589951,-0.006213,-0.011353
2023-04,0.916706809253134,-0.000599,-0.031669
2023-05,0.9051528808104164,-0.012604,-0.071659
2023-06,0.9058308444929725,0.000749,-0.094169
2023-07,0.9057416387452677,-9.8e-05,-0.067722
2023-08,0.9194614827422561,0.015148,-0.044022
2023-09,0.9239360430471257,0.004867,-0.03346
2023-10,0.9105837267306808,-0.014452,-0.037233
2023-11,0.9022483416651502,-0.009154,-0.039144
2023-12,0.8915793342396638,-0.011825,-0.03114
2024-01,0.8967175853074566,0.005763,-0.034282
2024-02,0.9096345775751024,0.014405,-0.01447
2024-03,0.9102376084295865,0.000663,-0.007652
2024-04,0.9169565853467072,0.007382,0.000272
2024-05,0.9110154825495717,-0.006479,0.006477
2024-06,0.9131599887243935,0.002354,0.008091
2024-07,0.9181804882052162,0.005498,0.013733
2024-08,0.9114329654488299,-0.007349,-0.008732
2024-09,0.9016560155003908,-0.010727,-0.024114
2024-10,0.9033402200170563,0.001868,-0.007955
2024-11,0.9042108681146545,0.000964,0.002175
